Engine RPM(rpm),Intake Air Temperature(Â°C),Engine Load(%),Throttle Position(Manifold)(%),,,,,,,,
2623.25,30,92.54901886,32.54901886,,,,,,,,
3169.5,30,90.98039246,32.54901886,,,,,,,,
2587.5,30,98.4313736,37.64706039,,,,,,,,
2753,30,98.03921509,39.2156868,,,,,,,,
2957,30,96.86274719,38.82352829,,,,,,,,
3158.5,30,97.2549057,40,,,,,,,,
3430.25,30,95.29412079,40.39215851,,,,,,,,
2927.25,30,65.49019623,16.47058868,,,,,,,,
2267,30,77.64705658,29.41176605,,,,,,,,
2353.75,30,93.33333588,31.76470566,,,,,,,,
2325.75,30,94.90196228,32.15686417,,,,,,,,
2303,30,93.72549438,32.15686417,,,,,,,,
1685.75,30,34.11764908,16.47058868,,,,,,,,
1258.5,30,34.90196228,16.47058868,,,,,,,,
1507.75,30,28.23529434,16.47058868,,,,,,,,
1686.5,30,63.52941132,24.70588303,,,,,,,,
1667,30,94.11764526,28.62745094,,,,,,,,
2378.75,30,100,37.64706039,,,,,,,,
2489.75,30,95.29412079,37.25490189,,,,,,,,
2089,30,40,16.07843208,,,,,,,,
2012.5,30,48.23529434,20.7843132,,,,,,,,
1779.5,30,24.70588303,17.25490189,,,,,,,,
1706.25,30,22.74509811,16.07843208,,,,,,,,
1428,30,24.70588303,16.07843208,,,,,,,,
1376.5,30,25.88235283,16.07843208,,,,,,,,
1879.5,30,29.41176605,18.8235302,,,,,,,,
1793.75,30,24.70588303,18.8235302,,,,,,,,
1407.75,30,24.31372643,16.07843208,,,,,,,,
1286.5,30,26.66666794,16.47058868,,,,,,,,
1457.75,30,29.80392265,16.47058868,,,,,,,,
1482,30,27.45098114,16.47058868,,,,,,,,
1380.25,30,28.23529434,16.47058868,,,,,,,,
1308.5,30,29.80392265,16.47058868,,,,,,,,
1260,30,30.58823586,16.47058868,,,,,,,,
1221.75,30,31.37254906,16.47058868,,,,,,,,
1157.75,30,32.54901886,16.47058868,,,,,,,,
1041.25,30,34.50980377,16.47058868,,,,,,,,
1037.5,30,35.29411697,15.68627453,,,,,,,,
929.5,30,32.54901886,15.68627453,,,,,,,,
816.25,30,34.50980377,15.68627453,,,,,,,,
710,30,36.86274719,15.68627453,,,,,,,,
699,30,40.39215851,15.68627453,,,,,,,,
805.25,30,39.60784531,15.68627453,,,,,,,,
699,30,39.2156868,15.68627453,,,,,,,,
690.5,30,42.35294342,15.68627453,,,,,,,,
692,30,41.17647171,15.68627453,,,,,,,,
682,30,41.5686264,15.68627453,,,,,,,,
708.5,30,42.35294342,16.47058868,,,,,,,,
709.25,30,52.54901886,16.47058868,,,,,,,,
739.75,30,51.76470566,16.86274529,,,,,,,,
735.75,30,52.15686417,16.86274529,,,,,,,,
744.5,30,51.76470566,16.86274529,,,,,,,,
742,30,51.76470566,16.86274529,,,,,,,,
746,30,51.37255096,16.86274529,,,,,,,,
750,30,51.76470566,16.86274529,,,,,,,,
745.25,30,51.37255096,16.86274529,,,,,,,,
746,30,51.76470566,16.86274529,,,,,,,,
741.25,30,51.37255096,16.86274529,,,,,,,,
742,30,51.76470566,16.86274529,,,,,,,,
744.5,30,51.76470566,16.86274529,,,,,,,,
764,30,52.15686417,16.86274529,,,,,,,,
805.25,30,39.2156868,15.68627453,,,,,,,,
667.75,30,38.4313736,15.68627453,,,,,,,,
650.75,30,39.60784531,15.68627453,,,,,,,,
683.5,30,41.17647171,15.68627453,,,,,,,,
700,30,40.7843132,15.68627453,,,,,,,,
960.75,30,43.52941132,16.86274529,,,,,,,,
1084.25,30,46.66666794,17.64705849,,,,,,,,
925,30,42.74509811,15.68627453,,,,,,,,
767.75,30,45.49019623,16.86274529,,,,,,,,
795.25,30,48.23529434,16.86274529,,,,,,,,
768.75,30,49.41176605,16.86274529,,,,,,,,
717,30,50.98039246,16.86274529,,,,,,,,
741.25,30,52.15686417,16.86274529,,,,,,,,
747.5,30,51.76470566,16.86274529,,,,,,,,
738.25,30,51.76470566,16.86274529,,,,,,,,
743.75,30,51.76470566,16.86274529,,,,,,,,
742,30,51.76470566,16.86274529,,,,,,,,
745.25,30,51.76470566,16.86274529,,,,,,,,
749,30,51.76470566,16.86274529,,,,,,,,
742.75,30,51.37255096,16.86274529,,,,,,,,
750,30,51.37255096,16.86274529,,,,,,,,
778,30,38.4313736,15.29411793,,,,,,,,
1082,30,50.98039246,19.6078434,,,,,,,,
1696,30,74.90196228,22.74509811,,,,,,,,
2117.75,30,81.96078491,26.27450943,,,,,,,,
2173.25,30,81.96078491,26.27450943,,,,,,,,
2173.25,30,47.05882263,25.09803963,,,,,,,,
2280.25,30,94.50980377,33.33333206,,,,,,,,
2463.25,30,93.72549438,32.94117737,,,,,,,,
2571.75,30,95.6862793,36.86274719,,,,,,,,
2682,30,98.03921509,40,,,,,,,,
2927.25,30,97.2549057,39.2156868,,,,,,,,
3098.25,30,95.6862793,36.86274719,,,,,,,,
3257.75,30,91.76470947,27.45098114,,,,,,,,
1836.5,30,29.01960754,17.64705849,,,,,,,,
1719.5,30,72.54901886,23.92156982,,,,,,,,
1950.75,30,77.2549057,24.31372643,,,,,,,,
1955.25,30,78.4313736,24.31372643,,,,,,,,
1324,30,38.03921509,15.68627453,,,,,,,,
1495.25,30,64.70588684,20.7843132,,,,,,,,
1532,30,64.70588684,23.52941132,,,,,,,,
1905.25,30,58.8235321,25.88235283,,,,,,,,
1227.25,30,29.41176605,15.68627453,,,,,,,,
1051.5,30,28.23529434,15.68627453,,,,,,,,
1011.5,30,29.01960754,15.68627453,,,,,,,,
945.25,30,30.19607925,15.68627453,,,,,,,,
847.5,30,32.15686417,15.68627453,,,,,,,,
736.5,30,34.50980377,15.68627453,,,,,,,,
707.75,30,44.31372452,16.86274529,,,,,,,,
814,30,49.41176605,16.86274529,,,,,,,,
790.5,30,47.05882263,16.86274529,,,,,,,,
736.5,30,51.76470566,16.86274529,,,,,,,,
789,30,49.80392075,16.86274529,,,,,,,,
761.5,30,50.58823776,16.86274529,,,,,,,,
767,30,50.19607925,16.86274529,,,,,,,,
792,30,49.80392075,16.86274529,,,,,,,,
778.75,30,49.41176605,16.86274529,,,,,,,,
779.5,30,49.41176605,16.86274529,,,,,,,,
747.5,30,50.19607925,16.86274529,,,,,,,,
777.25,30,50.19607925,16.86274529,,,,,,,,
761.5,30,49.80392075,16.86274529,,,,,,,,
764.75,30,50.19607925,16.86274529,,,,,,,,
759.25,30,49.80392075,16.86274529,,,,,,,,
766.25,30,50.19607925,16.47058868,,,,,,,,
739.75,30,38.03921509,15.68627453,,,,,,,,
683.5,30,38.4313736,15.68627453,,,,,,,,
864.75,30,40,21.17647171,,,,,,,,
1413.25,30,55.29411697,20.3921566,,,,,,,,
1657,30,62.74509811,21.56862831,,,,,,,,
1787.5,30,50.19607925,15.29411793,,,,,,,,
1049,30,35.68627548,15.68627453,,,,,,,,
1522.5,30,79.21569061,24.70588303,,,,,,,,
1934.25,30,80,25.49019623,,,,,,,,
2098.25,30,78.03921509,25.49019623,,,,,,,,
1391.25,30,33.33333206,16.47058868,,,,,,,,
1825,30,85.09803772,27.05882454,,,,,,,,
1978,30,71.76470947,16.47058868,,,,,,,,
1447.5,30,63.13725662,20.7843132,,,,,,,,
1578.75,30,61.96078491,21.17647171,,,,,,,,
1914,30,85.49019623,28.62745094,,,,,,,,
2148.25,30,84.70588684,27.05882454,,,,,,,,
2355.25,30,83.52941132,28.23529434,,,,,,,,
2631.25,30,90.58823395,32.54901886,,,,,,,,
2739,30,92.15686798,33.33333206,,,,,,,,
3101.5,30,86.66667175,29.80392265,,,,,,,,
2523.25,30,87.05882263,33.33333206,,,,,,,,
2239.75,30,65.49019623,23.92156982,,,,,,,,
2000,30,83.92156982,27.84313774,,,,,,,,
2119.5,30,94.50980377,36.86274719,,,,,,,,
2777.25,30,94.90196228,37.25490189,,,,,,,,
2947.5,30,96.07843018,41.17647171,,,,,,,,
2578.75,30,19.6078434,16.47058868,,,,,,,,
1664,30,36.47058868,18.8235302,,,,,,,,
1902.25,30,40,21.96078491,,,,,,,,
1886.5,30,70.19608307,22.35294151,,,,,,,,
2153.75,30,27.84313774,18.8235302,,,,,,,,
1703.75,30,32.15686417,16.47058868,,,,,,,,
1216.25,30,27.05882454,16.86274529,,,,,,,,
2014.75,30,42.35294342,22.74509811,,,,,,,,
1833.5,30,83.52941132,27.45098114,,,,,,,,
1833.5,30,87.05882263,27.45098114,,,,,,,,
1899,30,87.05882263,27.45098114,,,,,,,,
1992.75,30,69.80392456,17.64705849,,,,,,,,
1969.5,30,29.01960754,15.68627453,,,,,,,,
1442,30,21.56862831,15.29411793,,,,,,,,
1356.25,30,21.96078491,15.29411793,,,,,,,,
2352.25,30,80,29.80392265,,,,,,,,
2455.25,30,91.37255096,31.37254906,,,,,,,,
2503,30,91.76470947,33.72549057,,,,,,,,
2211.5,30,39.60784531,27.45098114,,,,,,,,
2098.25,30,62.74509811,15.29411793,,,,,,,,
1463.25,30,24.70588303,16.47058868,,,,,,,,
1218.75,30,30.58823586,16.47058868,,,,,,,,
1611.5,30,26.27450943,16.47058868,,,,,,,,
1457,30,27.45098114,16.47058868,,,,,,,,
1346.75,30,29.01960754,16.47058868,,,,,,,,
1337.5,30,29.80392265,16.47058868,,,,,,,,
1271,30,30.19607925,16.47058868,,,,,,,,
1216.25,30,31.76470566,16.47058868,,,,,,,,
1153.75,30,26.66666794,15.68627453,,,,,,,,
1417.75,30,36.07843018,21.96078491,,,,,,,,
1048.25,30,29.80392265,15.68627453,,,,,,,,
934.25,30,29.41176605,15.68627453,,,,,,,,
876.5,30,30.98039246,15.68627453,,,,,,,,
844.5,30,32.15686417,15.68627453,,,,,,,,
1184.25,30,61.96078491,24.70588303,,,,,,,,
2047.5,30,81.5686264,26.27450943,,,,,,,,
2035,30,81.5686264,25.88235283,,,,,,,,
1459.25,30,46.27450943,27.84313774,,,,,,,,
1634.25,30,57.25490189,15.29411793,,,,,,,,
2313.25,30,88.23529816,30.19607925,,,,,,,,
1590.5,30,32.15686417,21.96078491,,,,,,,,
2223.25,30,94.50980377,33.33333206,,,,,,,,
2382,30,92.94117737,34.11764908,,,,,,,,
1858.5,30,34.11764908,16.07843208,,,,,,,,
1242,30,37.25490189,16.47058868,,,,,,,,
2125.75,30,95.29412079,33.72549057,,,,,,,,
1502.25,30,65.09803772,16.07843208,,,,,,,,
1314.75,30,29.01960754,15.29411793,,,,,,,,
1175,30,26.27450943,15.68627453,,,,,,,,
1185.75,30,26.27450943,15.68627453,,,,,,,,
1136.5,30,26.66666794,15.68627453,,,,,,,,
1050,30,27.05882454,15.68627453,,,,,,,,
989.75,30,29.01960754,15.68627453,,,,,,,,
969.5,30,29.80392265,15.68627453,,,,,,,,
900,30,30.58823586,15.68627453,,,,,,,,
849,30,32.15686417,15.29411793,,,,,,,,
867,30,32.15686417,15.68627453,,,,,,,,
1510.75,30,56.47058868,20,,,,,,,,
1147.5,30,39.60784531,24.31372643,,,,,,,,
1470.25,30,43.52941132,16.86274529,,,,,,,,
1000,30,40.39215851,16.47058868,,,,,,,,
943.75,30,40.7843132,16.47058868,,,,,,,,
860,30,42.35294342,16.47058868,,,,,,,,
855.25,30,44.31372452,16.47058868,,,,,,,,
903,30,44.31372452,20.3921566,,,,,,,,
1287.5,30,44.31372452,17.64705849,,,,,,,,
875,30,43.52941132,16.47058868,,,,,,,,
867.75,30,43.52941132,16.47058868,,,,,,,,
1371.75,30,75.6862793,25.49019623,,,,,,,,
1391.25,30,65.09803772,14.90196133,,,,,,,,
2157,30,84.70588684,29.01960754,,,,,,,,
2322.5,30,91.37255096,31.76470566,,,,,,,,
1648.25,30,29.80392265,15.29411793,,,,,,,,
1134.25,30,30.19607925,15.68627453,,,,,,,,
987.5,30,29.41176605,15.68627453,,,,,,,,
946,30,30.58823586,15.68627453,,,,,,,,
944.5,30,30.58823586,15.68627453,,,,,,,,
964.75,30,29.80392265,15.68627453,,,,,,,,
2285,30,89.01960754,30.19607925,,,,,,,,
2292.75,30,92.94117737,32.54901886,,,,,,,,
2431.25,30,95.29412079,37.64706039,,,,,,,,
2605.25,30,97.2549057,42.35294342,,,,,,,,
2435.75,30,54.50980377,36.07843018,,,,,,,,
1379.5,30,29.80392265,16.47058868,,,,,,,,
1364,30,29.80392265,16.47058868,,,,,,,,
1353,30,30.19607925,16.47058868,,,,,,,,
1342.75,30,30.19607925,16.47058868,,,,,,,,
1350,30,30.19607925,16.47058868,,,,,,,,
1389,30,29.80392265,15.29411793,,,,,,,,
1332.75,30,24.31372643,15.68627453,,,,,,,,
1246,30,24.70588303,15.68627453,,,,,,,,
1203,30,25.88235283,15.68627453,,,,,,,,
1192,30,25.88235283,15.68627453,,,,,,,,
1137.5,30,26.27450943,15.68627453,,,,,,,,
1091.25,30,27.45098114,15.68627453,,,,,,,,
908.5,30,30.19607925,15.68627453,,,,,,,,
833.5,30,32.54901886,15.68627453,,,,,,,,
1810,30,72.94117737,24.31372643,,,,,,,,
2228,30,88.23529816,30.98039246,,,,,,,,
1388.25,30,26.66666794,15.29411793,,,,,,,,
965.5,30,39.2156868,16.86274529,,,,,,,,
2082,30,94.11764526,35.68627548,,,,,,,,
2304.5,30,95.6862793,39.2156868,,,,,,,,
1491.25,30,31.76470566,18.03921509,,,,,,,,
1135,30,45.09804153,26.66666794,,,,,,,,
2296,30,91.37255096,30.98039246,,,,,,,,
2337.5,30,74.90196228,29.80392265,,,,,,,,
1421.75,30,29.01960754,16.47058868,,,,,,,,
1135,30,32.94117737,15.68627453,,,,,,,,
1078.75,30,27.45098114,15.68627453,,,,,,,,
957.75,30,29.80392265,15.68627453,,,,,,,,
850.75,30,32.15686417,15.68627453,,,,,,,,
857,30,32.94117737,15.68627453,,,,,,,,
865.5,30,32.94117737,15.68627453,,,,,,,,
851.5,30,32.94117737,15.29411793,,,,,,,,
897.5,30,32.54901886,17.64705849,,,,,,,,
2057.75,30,81.17647552,26.66666794,,,,,,,,
1274,30,26.27450943,15.29411793,,,,,,,,
1185.75,30,25.88235283,15.29411793,,,,,,,,
1836.5,30,49.01960754,26.66666794,,,,,,,,
2330.25,30,93.33333588,35.68627548,,,,,,,,
1622.5,30,38.03921509,16.47058868,,,,,,,,
1025,30,40.7843132,16.86274529,,,,,,,,
956.25,30,43.13725662,16.86274529,,,,,,,,
2098.25,30,89.41176605,29.80392265,,,,,,,,
1473.25,30,89.01960754,37.64706039,,,,,,,,
2318.75,30,96.86274719,42.35294342,,,,,,,,
2418.75,30,97.64706421,44.31372452,,,,,,,,
2567.75,30,97.2549057,45.88235474,,,,,,,,
2623.25,30,98.4313736,43.92156982,,,,,,,,
2128,30,24.31372643,15.29411793,,,,,,,,
1604.5,30,55.29411697,20.7843132,,,,,,,,
2100.75,30,85.49019623,29.41176605,,,,,,,,
2407.75,30,94.90196228,36.86274719,,,,,,,,
2447.5,30,96.07843018,39.60784531,,,,,,,,
2060.75,30,42.35294342,21.17647171,,,,,,,,
2437.5,30,92.15686798,34.11764908,,,,,,,,
2473.25,30,92.15686798,34.50980377,,,,,,,,
2494.5,30,92.54901886,34.90196228,,,,,,,,
2324,30,54.50980377,20.7843132,,,,,,,,
1528.75,30,25.88235283,16.47058868,,,,,,,,
1245.25,30,31.76470566,16.47058868,,,,,,,,
1264,30,29.80392265,16.47058868,,,,,,,,
1125.75,30,33.72549057,16.47058868,,,,,,,,
1054.5,30,35.68627548,16.47058868,,,,,,,,
2318.75,30,96.86274719,39.2156868,,,,,,,,
2425,30,97.2549057,49.80392075,,,,,,,,
2528,30,97.64706421,53.72549057,,,,,,,,
3339,30,97.2549057,54.11764908,,,,,,,,
3571,30,96.07843018,53.33333588,,,,,,,,
3833.5,30,95.6862793,52.94117737,,,,,,,,
4107,30,92.94117737,41.17647171,,,,,,,,
2653.75,30,16.47058868,15.68627453,,,,,,,,
2235.75,30,91.37255096,32.54901886,,,,,,,,
1699,30,25.49019623,15.68627453,,,,,,,,
2187.5,30,51.76470566,28.23529434,,,,,,,,
2486.5,30,96.86274719,41.5686264,,,,,,,,
2519.5,30,96.47058868,42.74509811,,,,,,,,
2552.25,30,96.86274719,42.35294342,,,,,,,,
2521,30,97.64706421,43.13725662,,,,,,,,
2525,30,94.11764526,16.86274529,,,,,,,,
2504.5,30,95.6862793,40,,,,,,,,
2559.25,30,96.47058868,41.17647171,,,,,,,,
2587.5,30,96.47058868,43.13725662,,,,,,,,
2511.5,30,94.11764526,36.47058868,,,,,,,,
2324,30,37.64706039,23.13725471,,,,,,,,
2217,30,46.27450943,15.29411793,,,,,,,,
2044.5,30,19.2156868,15.68627453,,,,,,,,
1912.5,30,18.4313736,15.29411793,,,,,,,,
1835,30,18.8235302,15.29411793,,,,,,,,
1778.75,30,18.8235302,15.29411793,,,,,,,,
1718.75,30,19.2156868,15.29411793,,,,,,,,
1657,30,19.6078434,15.29411793,,,,,,,,
1598.25,31,19.6078434,15.29411793,,,,,,,,
1582,31,21.17647171,15.29411793,,,,,,,,
2060.75,31,69.41176605,24.70588303,,,,,,,,
1680.25,31,22.74509811,15.68627453,,,,,,,,
1532.75,31,20.7843132,15.29411793,,,,,,,,
2463.25,31,87.05882263,30.19607925,,,,,,,,
2144.5,31,90.58823395,17.64705849,,,,,,,,
2461.5,31,91.76470947,32.15686417,,,,,,,,
2213.25,30,81.5686264,27.05882454,,,,,,,,
2343.75,30,71.76470947,16.07843208,,,,,,,,
1673.25,30,25.49019623,16.47058868,,,,,,,,
2131.25,30,72.94117737,25.49019623,,,,,,,,
2110.75,30,36.47058868,16.86274529,,,,,,,,
1540.5,30,26.66666794,15.29411793,,,,,,,,
2492.75,30,85.88235474,30.58823586,,,,,,,,
2529.5,30,87.84313965,30.98039246,,,,,,,,
2153.75,30,70.58823395,30.58823586,,,,,,,,
2254.5,30,87.84313965,18.03921509,,,,,,,,
2463.25,30,51.76470566,15.29411793,,,,,,,,
1828.75,30,20.3921566,15.29411793,,,,,,,,
1753,30,19.2156868,15.29411793,,,,,,,,
2156.25,30,35.29411697,20.7843132,,,,,,,,
2254.5,30,73.33333588,23.92156982,,,,,,,,
2092,30,97.64706421,38.82352829,,,,,,,,
2137.5,30,96.86274719,39.2156868,,,,,,,,
2191.25,30,96.47058868,38.03921509,,,,,,,,
2503,30,94.90196228,35.68627548,,,,,,,,
2668.75,30,96.86274719,40,,,,,,,,
2091.25,30,25.49019623,16.47058868,,,,,,,,
1784.25,30,24.31372643,16.07843208,,,,,,,,
2356.25,30,60,23.13725471,,,,,,,,
2230.25,30,80.39215851,25.49019623,,,,,,,,
2046.75,30,25.49019623,16.47058868,,,,,,,,
2258.5,30,32.94117737,20.7843132,,,,,,,,
2203.75,30,70.58823395,26.27450943,,,,,,,,
2243.75,30,81.17647552,26.27450943,,,,,,,,
1997.5,30,21.17647171,20.7843132,,,,,,,,
2260,30,56.86274719,20.7843132,,,,,,,,
2479.5,30,83.13725281,27.05882454,,,,,,,,
2350.75,31,21.96078491,24.31372643,,,,,,,,
2475,31,80.39215851,31.37254906,,,,,,,,
2728.75,31,96.07843018,38.4313736,,,,,,,,
2721,30,94.11764526,35.68627548,,,,,,,,
2052.25,30,18.8235302,15.68627453,,,,,,,,
1973.25,30,18.4313736,15.29411793,,,,,,,,
1885.75,31,18.4313736,15.29411793,,,,,,,,
1817,31,18.8235302,15.29411793,,,,,,,,
2337.5,31,78.4313736,26.27450943,,,,,,,,
2098.25,31,90.98039246,30.58823586,,,,,,,,
2126.5,31,94.11764526,31.76470566,,,,,,,,
2143.75,31,94.50980377,32.54901886,,,,,,,,
2169.5,31,94.11764526,32.15686417,,,,,,,,
1964.75,31,26.27450943,16.47058868,,,,,,,,
1396,31,27.05882454,16.07843208,,,,,,,,
1278.75,31,26.27450943,15.68627453,,,,,,,,
1610,31,21.17647171,15.68627453,,,,,,,,
1541.25,31,21.56862831,15.68627453,,,,,,,,
1517,31,21.96078491,15.68627453,,,,,,,,
2024,31,81.5686264,27.45098114,,,,,,,,
1725,31,28.23529434,16.47058868,,,,,,,,
1850,31,70.58823395,25.09803963,,,,,,,,
1743.75,31,25.88235283,21.96078491,,,,,,,,
2100.75,31,91.76470947,29.41176605,,,,,,,,
2494.5,31,95.29412079,38.4313736,,,,,,,,
1746.75,31,27.05882454,15.68627453,,,,,,,,
1353.75,31,23.13725471,15.29411793,,,,,,,,
1246,31,23.52941132,15.29411793,,,,,,,,
2007.75,31,77.64705658,25.49019623,,,,,,,,
1232.75,31,29.41176605,17.64705849,,,,,,,,
1526.5,31,30.19607925,16.47058868,,,,,,,,
1570.25,31,35.29411697,16.47058868,,,,,,,,
1227.25,31,34.50980377,32.15686417,,,,,,,,
2297.5,31,91.76470947,30.19607925,,,,,,,,
2403,31,94.50980377,36.86274719,,,,,,,,
2444.5,31,96.47058868,41.17647171,,,,,,,,
1749,31,25.09803963,15.68627453,,,,,,,,
2467.75,31,92.15686798,36.07843018,,,,,,,,
2239.75,31,46.27450943,32.94117737,,,,,,,,
2042.75,31,86.27451324,39.2156868,,,,,,,,
2506.25,31,66.27451324,15.68627453,,,,,,,,
2587.5,31,96.47058868,40.7843132,,,,,,,,
2627.25,31,97.64706421,41.5686264,,,,,,,,
2664.75,31,98.4313736,45.88235474,,,,,,,,
2693.75,31,98.8235321,46.27450943,,,,,,,,
2730.25,31,98.8235321,46.66666794,,,,,,,,
2514.75,31,97.64706421,27.45098114,,,,,,,,
2290.5,31,40.39215851,28.23529434,,,,,,,,
2612.5,31,87.45098114,30.19607925,,,,,,,,
2328.75,31,94.11764526,34.90196228,,,,,,,,
2374,31,94.11764526,35.29411697,,,,,,,,
2420.25,31,87.45098114,17.25490189,,,,,,,,
2432.75,31,90.58823395,18.4313736,,,,,,,,
2594.5,31,94.11764526,34.50980377,,,,,,,,
2682,31,38.4313736,30.98039246,,,,,,,,
2460,31,77.2549057,30.98039246,,,,,,,,
2623.25,31,91.37255096,20.3921566,,,,,,,,
2699,31,59.60784531,17.64705849,,,,,,,,
2567.75,31,81.5686264,18.8235302,,,,,,,,
2489.75,31,61.56863022,16.47058868,,,,,,,,
2218.75,31,25.49019623,15.68627453,,,,,,,,
2292.75,31,17.64705849,15.68627453,,,,,,,,
2320.25,31,60.7843132,30.58823586,,,,,,,,
2125.75,31,19.6078434,15.68627453,,,,,,,,
2359.25,31,32.94117737,16.47058868,,,,,,,,
2193.75,31,53.72549057,15.68627453,,,,,,,,
2380.25,31,39.60784531,15.68627453,,,,,,,,
1973.25,31,18.8235302,15.68627453,,,,,,,,
1926.5,31,18.4313736,15.29411793,,,,,,,,
2221,31,30.19607925,19.2156868,,,,,,,,
2441.25,31,90.98039246,29.01960754,,,,,,,,
2164.75,31,97.2549057,43.52941132,,,,,,,,
2238.25,31,96.07843018,22.35294151,,,,,,,,
2596.75,31,92.15686798,33.33333206,,,,,,,,
2562.5,31,93.72549438,36.07843018,,,,,,,,
2655.25,31,82.74510193,16.86274529,,,,,,,,
2635,31,93.72549438,37.25490189,,,,,,,,
2406.25,31,90.98039246,17.25490189,,,,,,,,
2489.75,30,43.92156982,19.2156868,,,,,,,,
2744.5,30,93.72549438,34.90196228,,,,,,,,
2217,30,28.62745094,15.29411793,,,,,,,,
2013.25,30,18.4313736,15.29411793,,,,,,,,
1914.75,31,18.4313736,15.29411793,,,,,,,,
1814.75,31,18.4313736,15.29411793,,,,,,,,
1708.5,31,19.2156868,15.29411793,,,,,,,,
1634.25,31,19.6078434,15.29411793,,,,,,,,
1555.25,31,20,15.29411793,,,,,,,,
1482.75,31,30.19607925,24.31372643,,,,,,,,
1861.5,31,88.23529816,28.62745094,,,,,,,,
2001.5,31,34.11764908,15.68627453,,,,,,,,
1548.25,31,47.84313965,29.80392265,,,,,,,,
2446,31,95.29412079,37.64706039,,,,,,,,
2514.75,31,95.6862793,38.82352829,,,,,,,,
2052.25,31,81.5686264,16.47058868,,,,,,,,
2553.75,31,96.47058868,40,,,,,,,,
2571.75,31,93.33333588,23.92156982,,,,,,,,
1945.25,31,25.09803963,16.47058868,,,,,,,,
1542,31,23.52941132,15.29411793,,,,,,,,
1615.5,31,20,15.29411793,,,,,,,,
1523.25,31,20.3921566,15.29411793,,,,,,,,
1712.5,31,21.56862831,18.4313736,,,,,,,,
1877.25,31,56.07843399,15.68627453,,,,,,,,
1473.25,31,22.35294151,15.68627453,,,,,,,,
1910.75,31,37.64706039,15.68627453,,,,,,,,
1789,31,36.47058868,23.52941132,,,,,,,,
2450.75,31,87.45098114,30.58823586,,,,,,,,
2458.5,31,87.84313965,30.98039246,,,,,,,,
2135,31,81.5686264,27.45098114,,,,,,,,
2052.25,31,87.05882263,27.45098114,,,,,,,,
1985,31,86.66667175,27.45098114,,,,,,,,
1897.5,31,31.37254906,15.68627453,,,,,,,,
1460,31,34.90196228,16.07843208,,,,,,,,
2431.25,31,90.98039246,31.37254906,,,,,,,,
2471.75,31,90.58823395,32.54901886,,,,,,,,
2519.5,31,90.19608307,30.19607925,,,,,,,,
2258.5,31,78.8235321,27.45098114,,,,,,,,
2108.5,31,86.27451324,27.84313774,,,,,,,,
2494.5,31,85.09803772,36.47058868,,,,,,,,
2103.75,31,24.31372643,15.29411793,,,,,,,,
2191.25,31,54.11764908,25.88235283,,,,,,,,
2160.75,31,84.31372833,28.23529434,,,,,,,,
2497.5,31,90.98039246,32.15686417,,,,,,,,
2717,31,95.6862793,38.82352829,,,,,,,,
2564.75,31,92.94117737,32.54901886,,,,,,,,
2481.25,31,36.86274719,28.23529434,,,,,,,,
2693.75,31,91.76470947,32.94117737,,,,,,,,
2718.75,31,85.49019623,31.37254906,,,,,,,,
2425,31,90.98039246,32.15686417,,,,,,,,
2471.75,31,87.45098114,27.05882454,,,,,,,,
2682,31,85.49019623,29.41176605,,,,,,,,
2506.25,31,53.72549057,14.90196133,,,,,,,,
2457,31,27.05882454,16.47058868,,,,,,,,
2609.25,31,74.50980377,18.8235302,,,,,,,,
2320.25,31,23.92156982,17.25490189,,,,,,,,
2346,31,25.09803963,21.17647171,,,,,,,,
2607,31,43.52941132,21.96078491,,,,,,,,
2521,31,48.23529434,18.4313736,,,,,,,,
2307,31,19.6078434,16.47058868,,,,,,,,
2131.25,31,18.4313736,15.68627453,,,,,,,,
2285,31,20,18.4313736,,,,,,,,
2476.5,31,80.78431702,28.62745094,,,,,,,,
2437.5,31,62.74509811,15.68627453,,,,,,,,
2651.5,31,86.27451324,30.58823586,,,,,,,,
2365.5,31,52.94117737,15.29411793,,,,,,,,
2623.25,31,90.58823395,25.88235283,,,,,,,,
2439,31,35.68627548,19.2156868,,,,,,,,
2308.5,31,34.90196228,23.92156982,,,,,,,,
2414,31,74.11764526,18.8235302,,,,,,,,
2171,31,17.64705849,15.68627453,,,,,,,,
2620.25,31,73.33333588,25.49019623,,,,,,,,
2632.75,31,61.56863022,24.70588303,,,,,,,,
2635,31,84.70588684,26.66666794,,,,,,,,
2267.75,31,18.03921509,16.47058868,,,,,,,,
2655.25,31,62.35294342,27.45098114,,,,,,,,
2496,31,21.56862831,23.92156982,,,,,,,,
2429.5,31,32.15686417,21.96078491,,,,,,,,
2653.75,31,52.94117737,25.88235283,,,,,,,,
2470.25,31,89.41176605,20.7843132,,,,,,,,
2620.25,31,72.15686035,16.47058868,,,,,,,,
2007.75,31,22.74509811,16.47058868,,,,,,,,
2385,31,27.05882454,15.68627453,,,,,,,,
2650,31,66.27451324,15.68627453,,,,,,,,
2455.25,31,76.86274719,19.6078434,,,,,,,,
2404.5,31,36.47058868,18.8235302,,,,,,,,
2304.5,31,41.96078491,15.68627453,,,,,,,,
2067,31,18.4313736,15.68627453,,,,,,,,
2589,31,87.05882263,33.72549057,,,,,,,,
2321.75,31,92.54901886,31.76470566,,,,,,,,
2375.75,31,92.15686798,32.54901886,,,,,,,,
2418.75,31,90.98039246,32.15686417,,,,,,,,
2412.5,31,33.72549057,26.66666794,,,,,,,,
2578.75,31,71.37255096,14.90196133,,,,,,,,
2526.5,31,42.74509811,21.17647171,,,,,,,,
2040.5,31,20.7843132,16.47058868,,,,,,,,
1921.75,31,21.96078491,16.07843208,,,,,,,,
1873.25,31,22.35294151,16.07843208,,,,,,,,
1815.5,31,22.35294151,16.07843208,,,,,,,,
1745.25,31,22.74509811,16.07843208,,,,,,,,
2159.25,31,32.15686417,18.8235302,,,,,,,,
1767.75,31,24.31372643,16.47058868,,,,,,,,
1652.25,31,22.35294151,15.29411793,,,,,,,,
2144.5,31,25.09803963,22.35294151,,,,,,,,
2142,31,74.50980377,23.92156982,,,,,,,,
2156.25,31,55.68627548,26.66666794,,,,,,,,
2034.25,31,32.94117737,23.92156982,,,,,,,,
2091.25,31,33.72549057,15.68627453,,,,,,,,
1646.75,31,20.7843132,15.29411793,,,,,,,,
1548.25,31,20.3921566,15.29411793,,,,,,,,
1369.5,31,21.56862831,15.29411793,,,,,,,,
1263.25,31,22.74509811,15.29411793,,,,,,,,
1348.25,31,24.70588303,15.68627453,,,,,,,,
1281.25,31,24.31372643,15.68627453,,,,,,,,
1179.5,31,25.88235283,15.68627453,,,,,,,,
1075.75,31,27.05882454,15.68627453,,,,,,,,
974,31,32.94117737,16.47058868,,,,,,,,
837.5,31,41.5686264,16.86274529,,,,,,,,
786.5,31,47.45098114,16.86274529,,,,,,,,
811.5,31,48.62745285,16.86274529,,,,,,,,
791.25,31,49.41176605,16.86274529,,,,,,,,
1042.75,31,43.13725662,16.86274529,,,,,,,,
796.75,31,40.7843132,16.86274529,,,,,,,,
748.25,31,50.98039246,16.86274529,,,,,,,,
835,31,48.62745285,16.86274529,,,,,,,,
793.75,31,49.41176605,16.86274529,,,,,,,,
806.25,31,49.41176605,16.86274529,,,,,,,,
812.5,31,49.80392075,16.86274529,,,,,,,,
766.25,31,38.4313736,15.68627453,,,,,,,,
703,31,38.03921509,15.68627453,,,,,,,,
675,31,38.4313736,15.29411793,,,,,,,,
676.5,31,38.82352829,15.29411793,,,,,,,,
673.25,31,38.03921509,15.29411793,,,,,,,,
662.5,31,38.4313736,15.29411793,,,,,,,,
667.75,31,38.4313736,15.29411793,,,,,,,,
657.75,31,38.03921509,15.29411793,,,,,,,,
661.5,31,38.03921509,16.47058868,,,,,,,,
713.25,31,50.98039246,16.86274529,,,,,,,,
823.25,31,48.23529434,16.47058868,,,,,,,,
761.5,31,49.41176605,16.47058868,,,,,,,,
771.75,31,49.01960754,16.47058868,,,,,,,,
766.25,31,49.01960754,16.47058868,,,,,,,,
758.5,31,48.62745285,16.47058868,,,,,,,,
770.25,31,48.62745285,16.47058868,,,,,,,,
753,31,48.62745285,16.47058868,,,,,,,,
760.75,31,48.62745285,16.47058868,,,,,,,,
794.5,31,47.05882263,16.47058868,,,,,,,,
773.25,31,46.66666794,16.47058868,,,,,,,,
775.75,31,46.27450943,16.47058868,,,,,,,,
755.25,32,40.7843132,15.29411793,,,,,,,,
743.75,32,35.68627548,15.29411793,,,,,,,,
671,32,36.47058868,15.29411793,,,,,,,,
663.25,32,36.86274719,15.29411793,,,,,,,,
673.25,32,36.47058868,15.29411793,,,,,,,,
662.5,32,36.47058868,15.29411793,,,,,,,,
668.75,32,36.47058868,15.29411793,,,,,,,,
664,32,36.07843018,15.29411793,,,,,,,,
663.25,32,36.47058868,15.29411793,,,,,,,,
675,32,43.52941132,16.47058868,,,,,,,,
778.75,32,48.23529434,16.47058868,,,,,,,,
740.5,32,46.27450943,16.47058868,,,,,,,,
763.25,32,47.45098114,16.47058868,,,,,,,,
762.5,32,46.66666794,16.47058868,,,,,,,,
753.75,32,47.05882263,16.47058868,,,,,,,,
764,33,46.66666794,16.47058868,,,,,,,,
755.25,33,47.05882263,16.47058868,,,,,,,,
760.75,33,46.66666794,16.47058868,,,,,,,,
755.25,33,47.05882263,16.47058868,,,,,,,,
760,33,47.05882263,16.47058868,,,,,,,,
760.75,33,47.05882263,16.47058868,,,,,,,,
758.5,33,47.05882263,16.47058868,,,,,,,,
750,33,47.05882263,16.47058868,,,,,,,,
760,33,46.66666794,16.47058868,,,,,,,,
757.75,33,46.66666794,16.47058868,,,,,,,,
761.5,33,46.66666794,16.47058868,,,,,,,,
778,33,46.66666794,15.29411793,,,,,,,,
703,33,35.68627548,15.29411793,,,,,,,,
632,33,36.47058868,15.29411793,,,,,,,,
642,33,37.25490189,15.29411793,,,,,,,,
664.75,33,36.86274719,15.29411793,,,,,,,,
653.75,33,36.47058868,15.29411793,,,,,,,,
660,33,36.07843018,15.29411793,,,,,,,,
660,33,36.47058868,15.29411793,,,,,,,,
718.75,33,36.07843018,16.47058868,,,,,,,,
676.5,33,50.19607925,16.47058868,,,,,,,,
750,33,46.66666794,16.47058868,,,,,,,,
746.75,33,47.45098114,16.47058868,,,,,,,,
755.25,33,46.66666794,16.47058868,,,,,,,,
753.75,33,47.05882263,16.47058868,,,,,,,,
752.25,33,47.05882263,16.47058868,,,,,,,,
751.5,33,47.05882263,16.47058868,,,,,,,,
756.25,33,46.66666794,16.47058868,,,,,,,,
743.75,33,47.05882263,16.47058868,,,,,,,,
753.75,33,46.66666794,16.47058868,,,,,,,,
753.75,34,47.05882263,16.47058868,,,,,,,,
753.75,34,47.05882263,16.47058868,,,,,,,,
746,34,47.05882263,16.47058868,,,,,,,,
757.75,34,47.05882263,16.47058868,,,,,,,,
753.75,34,47.05882263,16.47058868,,,,,,,,
757,34,46.66666794,16.47058868,,,,,,,,
750.75,34,46.66666794,16.47058868,,,,,,,,
739.75,34,41.96078491,15.29411793,,,,,,,,
698.25,34,35.68627548,15.29411793,,,,,,,,
663.25,34,35.68627548,15.29411793,,,,,,,,
657.75,34,35.68627548,15.29411793,,,,,,,,
753.75,34,45.49019623,18.03921509,,,,,,,,
858.5,34,32.15686417,14.90196133,,,,,,,,
1678,34,61.56863022,20.7843132,,,,,,,,
2028.75,35,77.2549057,25.09803963,,,,,,,,
2167,35,50.58823776,20.7843132,,,,,,,,
1867,35,81.5686264,25.09803963,,,,,,,,
2078,35,87.05882263,27.84313774,,,,,,,,
1717.75,35,72.54901886,19.6078434,,,,,,,,
2115.5,35,94.11764526,32.15686417,,,,,,,,
2125.75,35,94.11764526,35.68627548,,,,,,,,
2271,35,95.6862793,39.2156868,,,,,,,,
2340.5,36,96.86274719,42.74509811,,,,,,,,
2471.75,36,97.2549057,44.31372452,,,,,,,,
2552.25,36,97.2549057,44.70588303,,,,,,,,
2058.5,36,31.76470566,15.29411793,,,,,,,,
1373.25,35,60.39215851,15.68627453,,,,,,,,
2555.25,35,93.72549438,36.07843018,,,,,,,,
2400,35,50.19607925,20.7843132,,,,,,,,
1417,35,27.05882454,16.86274529,,,,,,,,
2306.25,35,97.2549057,42.74509811,,,,,,,,
2844.5,35,97.64706421,45.09804153,,,,,,,,
2968.75,35,95.6862793,42.35294342,,,,,,,,
2650,35,56.07843399,15.29411793,,,,,,,,
2517.75,35,91.76470947,32.54901886,,,,,,,,
2607,35,96.86274719,40.7843132,,,,,,,,
2631.25,35,97.2549057,42.35294342,,,,,,,,
2592.75,35,96.86274719,43.13725662,,,,,,,,
2607,34,97.64706421,50.58823776,,,,,,,,
2632.75,34,98.03921509,49.41176605,,,,,,,,
2650,34,98.03921509,50.58823776,,,,,,,,
2660.75,34,98.4313736,50.58823776,,,,,,,,
2660.75,34,98.4313736,50.58823776,,,,,,,,
2672.5,34,98.4313736,50.58823776,,,,,,,,
2736.5,33,99.21569061,50.58823776,,,,,,,,
2746.75,33,99.21569061,51.37255096,,,,,,,,
2739,33,98.8235321,50.19607925,,,,,,,,
2460,33,45.49019623,40.7843132,,,,,,,,
2740.5,33,97.2549057,43.52941132,,,,,,,,
2769.5,33,97.2549057,45.09804153,,,,,,,,
2771,33,98.03921509,47.84313965,,,,,,,,
2806.25,33,98.03921509,47.45098114,,,,,,,,
2808.5,33,98.03921509,47.45098114,,,,,,,,
2832,33,97.2549057,47.05882263,,,,,,,,
2798.25,33,93.72549438,20,,,,,,,,
2434.25,33,24.70588303,17.25490189,,,,,,,,
2370.25,33,42.74509811,15.29411793,,,,,,,,
2592.75,33,67.45098114,28.23529434,,,,,,,,
2496,33,84.70588684,29.41176605,,,,,,,,
2529.5,33,84.70588684,29.80392265,,,,,,,,
2519.5,33,58.03921509,16.07843208,,,,,,,,
2685.75,33,88.62744904,30.98039246,,,,,,,,
2567.75,33,84.70588684,29.41176605,,,,,,,,
2587.5,33,85.88235474,29.80392265,,,,,,,,
2598.25,33,84.70588684,29.41176605,,,,,,,,
2616.25,33,82.74510193,28.62745094,,,,,,,,
2785.75,33,73.33333588,25.09803963,,,,,,,,
2718.75,33,83.92156982,28.62745094,,,,,,,,
2598.25,33,76.86274719,26.66666794,,,,,,,,
2587.5,33,36.47058868,20,,,,,,,,
2519.5,33,31.76470566,17.64705849,,,,,,,,
2721,33,77.2549057,26.27450943,,,,,,,,
2511.5,33,67.45098114,24.31372643,,,,,,,,
2500,33,69.01960754,24.31372643,,,,,,,,
2476.5,33,70.98039246,25.09803963,,,,,,,,
2455.25,33,72.94117737,25.49019623,,,,,,,,
2432.75,33,75.6862793,27.05882454,,,,,,,,
2421.75,33,80,28.62745094,,,,,,,,
2414,33,85.49019623,29.41176605,,,,,,,,
2409.25,33,85.09803772,29.80392265,,,,,,,,
2403,33,87.05882263,40.7843132,,,,,,,,
2414,33,96.07843018,40.39215851,,,,,,,,
2423.25,32,96.07843018,40.39215851,,,,,,,,
2447.5,32,95.6862793,40.39215851,,,,,,,,
2481.25,32,45.09804153,16.07843208,,,,,,,,
2717,32,88.23529816,30.58823586,,,,,,,,
2511.5,32,26.27450943,14.90196133,,,,,,,,
2701.5,32,83.92156982,27.05882454,,,,,,,,
2471.75,32,83.52941132,29.01960754,,,,,,,,
2497.5,32,83.52941132,29.01960754,,,,,,,,
2517.75,32,83.52941132,29.01960754,,,,,,,,
2526.5,32,69.01960754,27.45098114,,,,,,,,
2725,32,74.11764526,26.66666794,,,,,,,,
2500,32,28.62745094,14.90196133,,,,,,,,
2567.75,32,62.35294342,23.52941132,,,,,,,,
2476.5,32,59.60784531,14.90196133,,,,,,,,
2573.25,32,68.23529816,23.92156982,,,,,,,,
2453.75,32,74.11764526,25.49019623,,,,,,,,
2441.25,32,45.09804153,20.3921566,,,,,,,,
2693.75,32,77.2549057,26.66666794,,,,,,,,
2602.25,32,63.92156982,23.52941132,,,,,,,,
2389.75,32,74.11764526,25.09803963,,,,,,,,
2391.25,32,75.6862793,25.49019623,,,,,,,,
2389.75,32,76.07843018,25.88235283,,,,,,,,
2396,32,77.64705658,26.66666794,,,,,,,,
2406.25,32,78.4313736,27.05882454,,,,,,,,
2418.75,32,81.5686264,28.23529434,,,,,,,,
2432.75,31,81.17647552,27.84313774,,,,,,,,
2444.5,31,83.92156982,29.01960754,,,,,,,,
2455.25,31,83.52941132,29.01960754,,,,,,,,
2458.5,31,52.94117737,14.90196133,,,,,,,,
2191.25,31,17.64705849,27.05882454,,,,,,,,
2693.75,31,85.09803772,29.01960754,,,,,,,,
2526.5,31,33.72549057,21.56862831,,,,,,,,
2521,31,63.52941132,24.70588303,,,,,,,,
2432.75,31,75.29412079,25.88235283,,,,,,,,
2473.25,31,31.37254906,18.8235302,,,,,,,,
2602.25,31,66.66666412,24.70588303,,,,,,,,
2453.75,31,70.19608307,24.70588303,,,,,,,,
2458.5,31,72.54901886,25.09803963,,,,,,,,
2461.5,31,78.03921509,25.88235283,,,,,,,,
2466.25,31,78.4313736,27.05882454,,,,,,,,
2453.75,31,78.4313736,27.45098114,,,,,,,,
2452.25,31,78.4313736,27.05882454,,,,,,,,
2672.5,31,81.96078491,28.62745094,,,,,,,,
2396,31,79.21569061,27.84313774,,,,,,,,
2584.25,31,50.19607925,25.09803963,,,,,,,,
2458.5,31,80,26.27450943,,,,,,,,
2359.25,31,76.86274719,26.66666794,,,,,,,,
2350.75,31,79.21569061,28.62745094,,,,,,,,
2370.25,31,91.76470947,33.33333206,,,,,,,,
2375.75,31,92.15686798,33.33333206,,,,,,,,
2391.25,31,90.98039246,30.58823586,,,,,,,,
2535,31,44.31372452,25.49019623,,,,,,,,
2349,31,74.50980377,25.49019623,,,,,,,,
2353.75,31,76.86274719,26.27450943,,,,,,,,
2342,31,76.47058868,26.27450943,,,,,,,,
2342,31,71.76470947,25.88235283,,,,,,,,
2532,31,72.54901886,25.88235283,,,,,,,,
2321.75,31,78.8235321,26.27450943,,,,,,,,
2342,31,78.03921509,26.66666794,,,,,,,,
2349,31,78.4313736,14.90196133,,,,,,,,
2617.75,31,82.74510193,28.62745094,,,,,,,,
2635,31,85.09803772,29.80392265,,,,,,,,
2301.5,31,67.05882263,16.07843208,,,,,,,,
1977.25,31,21.96078491,16.07843208,,,,,,,,
1960.75,31,21.17647171,16.07843208,,,,,,,,
1928.75,31,21.17647171,16.07843208,,,,,,,,
1902.25,31,21.56862831,16.07843208,,,,,,,,
1871,31,19.6078434,15.29411793,,,,,,,,
1971.75,31,17.25490189,15.29411793,,,,,,,,
1948.25,31,17.25490189,15.29411793,,,,,,,,
1889,31,17.25490189,15.29411793,,,,,,,,
1813.25,31,17.64705849,15.29411793,,,,,,,,
1676.5,31,18.4313736,15.29411793,,,,,,,,
1521,31,19.2156868,15.29411793,,,,,,,,
1439.75,31,20,15.29411793,,,,,,,,
1327.25,31,21.17647171,15.29411793,,,,,,,,
1194.5,31,23.13725471,15.29411793,,,,,,,,
1294.5,31,23.13725471,15.29411793,,,,,,,,
1193.75,31,24.31372643,15.29411793,,,,,,,,
1115.5,31,25.88235283,15.29411793,,,,,,,,
1021,31,26.27450943,15.29411793,,,,,,,,
951.5,31,34.11764908,16.47058868,,,,,,,,
844.5,31,41.17647171,16.47058868,,,,,,,,
779.5,31,45.09804153,16.47058868,,,,,,,,
810.75,31,47.05882263,16.47058868,,,,,,,,
789.75,31,47.45098114,16.47058868,,,,,,,,
825,31,47.45098114,16.47058868,,,,,,,,
1702.25,31,76.07843018,16.47058868,,,,,,,,
923.25,31,47.05882263,16.47058868,,,,,,,,
1586.5,31,68.23529816,21.96078491,,,,,,,,
1607.75,31,69.80392456,22.35294151,,,,,,,,
1821.75,31,74.50980377,23.13725471,,,,,,,,
1540.5,31,69.80392456,23.52941132,,,,,,,,
1195.25,31,39.2156868,17.25490189,,,,,,,,
1842.75,31,72.15686035,23.52941132,,,,,,,,
1918.75,31,71.37255096,23.52941132,,,,,,,,
1897.5,31,69.41176605,22.74509811,,,,,,,,
1389.75,31,24.31372643,15.29411793,,,,,,,,
992.75,31,30.19607925,15.29411793,,,,,,,,
948.25,31,29.80392265,15.29411793,,,,,,,,
1349,31,48.23529434,18.8235302,,,,,,,,
962.5,31,29.01960754,15.29411793,,,,,,,,
820.25,31,30.19607925,15.29411793,,,,,,,,
805.25,31,32.54901886,16.47058868,,,,,,,,
796,31,43.92156982,16.47058868,,,,,,,,
1265.5,31,91.37255096,26.27450943,,,,,,,,
2105.25,31,96.07843018,48.62745285,,,,,,,,
2625.75,31,98.03921509,55.68627548,,,,,,,,
2817,31,99.21569061,64.70588684,,,,,,,,
3150.75,31,99.60784149,66.66666412,,,,,,,,
3442.75,31,96.07843018,61.17647171,,,,,,,,
3675.75,31,50.58823776,39.60784531,,,,,,,,
2718.75,31,66.66666412,25.09803963,,,,,,,,
1639,31,27.05882454,15.29411793,,,,,,,,
1178.75,31,25.09803963,15.29411793,,,,,,,,
1456.25,31,22.74509811,15.29411793,,,,,,,,
1375,31,23.13725471,15.29411793,,,,,,,,
1328.75,31,23.52941132,15.29411793,,,,,,,,
1275,31,23.92156982,15.29411793,,,,,,,,
1603.75,31,23.92156982,20.3921566,,,,,,,,
1304.5,31,29.80392265,15.29411793,,,,,,,,
1135,31,24.70588303,15.29411793,,,,,,,,
1018.75,31,29.80392265,16.47058868,,,,,,,,
1013.25,31,35.29411697,16.07843208,,,,,,,,
992,31,35.29411697,16.47058868,,,,,,,,
957.75,31,36.07843018,16.47058868,,,,,,,,
928.75,31,39.60784531,16.47058868,,,,,,,,
836.5,31,43.13725662,16.47058868,,,,,,,,
803,31,45.49019623,16.47058868,,,,,,,,
790.5,31,46.27450943,16.47058868,,,,,,,,
778,31,47.05882263,16.47058868,,,,,,,,
983.5,31,43.92156982,16.47058868,,,,,,,,
1051.5,31,37.64706039,16.47058868,,,,,,,,
890.5,31,40,16.47058868,,,,,,,,
736.5,31,34.11764908,15.29411793,,,,,,,,
665.5,32,34.90196228,15.29411793,,,,,,,,
626.5,32,37.64706039,15.29411793,,,,,,,,
649,32,38.03921509,15.29411793,,,,,,,,
677.25,32,36.47058868,15.29411793,,,,,,,,
649,32,36.86274719,15.29411793,,,,,,,,
671.75,32,36.47058868,15.29411793,,,,,,,,
662.5,32,36.07843018,15.29411793,,,,,,,,
667,32,36.07843018,15.29411793,,,,,,,,
664.75,32,40.39215851,16.86274529,,,,,,,,
714,32,47.84313965,16.47058868,,,,,,,,
776.5,32,45.88235474,16.47058868,,,,,,,,
1146.75,32,54.50980377,20.3921566,,,,,,,,
1518.75,32,65.88235474,20.7843132,,,,,,,,
938.25,32,38.03921509,16.47058868,,,,,,,,
693.75,32,46.27450943,16.47058868,,,,,,,,
768.75,32,48.23529434,16.47058868,,,,,,,,
777.25,32,45.49019623,16.47058868,,,,,,,,
816.25,32,35.29411697,15.29411793,,,,,,,,
617,32,34.90196228,15.29411793,,,,,,,,
666.25,32,36.47058868,15.29411793,,,,,,,,
1410.75,32,54.11764908,19.2156868,,,,,,,,
1856.25,32,75.29412079,24.31372643,,,,,,,,
2273.25,32,84.70588684,28.62745094,,,,,,,,
2717,32,90.98039246,30.58823586,,,,,,,,
2964,32,87.05882263,30.19607925,,,,,,,,
2501.5,32,90.98039246,34.90196228,,,,,,,,
2657,32,91.76470947,31.76470566,,,,,,,,
2742.75,32,91.76470947,31.37254906,,,,,,,,
2307,32,65.49019623,20.7843132,,,,,,,,
2156.25,32,91.76470947,33.72549057,,,,,,,,
2114.75,32,93.72549438,20,,,,,,,,
2313.25,32,93.33333588,34.50980377,,,,,,,,
2409.25,32,94.11764526,30.19607925,,,,,,,,
2553.75,32,77.64705658,36.07843018,,,,,,,,
1942.75,32,90.19608307,27.45098114,,,,,,,,
2292.75,32,90.98039246,31.76470566,,,,,,,,
2228.75,32,97.64706421,45.09804153,,,,,,,,
2732.75,31,97.64706421,44.70588303,,,,,,,,
2077.25,31,18.8235302,16.47058868,,,,,,,,
2106.25,31,79.21569061,26.27450943,,,,,,,,
1646.75,31,40,29.41176605,,,,,,,,
2311.5,31,88.23529816,29.80392265,,,,,,,,
2339,31,92.54901886,46.66666794,,,,,,,,
2817,31,98.03921509,49.80392075,,,,,,,,
2877.25,31,98.03921509,46.66666794,,,,,,,,
2695.25,31,96.47058868,16.47058868,,,,,,,,
2497.5,31,90.19608307,35.29411697,,,,,,,,
2449,31,97.2549057,45.88235474,,,,,,,,
2542,31,97.2549057,49.41176605,,,,,,,,
3119.5,31,97.2549057,50.19607925,,,,,,,,
2866.25,31,69.01960754,35.68627548,,,,,,,,
2545.25,31,96.47058868,45.09804153,,,,,,,,
2587.5,31,93.72549438,16.47058868,,,,,,,,
2536.5,31,94.50980377,38.4313736,,,,,,,,
2602.25,31,95.29412079,40.39215851,,,,,,,,
2594.5,31,94.50980377,35.29411697,,,,,,,,
2717,31,95.29412079,45.09804153,,,,,,,,
2125.75,31,18.8235302,15.29411793,,,,,,,,
1985,31,18.4313736,15.29411793,,,,,,,,
1934.25,31,17.64705849,15.29411793,,,,,,,,
1910.75,31,18.03921509,15.29411793,,,,,,,,
1890.5,31,18.03921509,15.29411793,,,,,,,,
1873.25,31,17.64705849,15.29411793,,,,,,,,
1864,31,18.03921509,15.29411793,,,,,,,,
1852.25,32,17.64705849,15.29411793,,,,,,,,
1825,32,18.03921509,15.29411793,,,,,,,,
1746,32,18.03921509,15.29411793,,,,,,,,
1680.25,32,18.4313736,15.29411793,,,,,,,,
1680.25,32,18.4313736,15.29411793,,,,,,,,
1517.75,32,27.05882454,16.86274529,,,,,,,,
2036.5,32,24.70588303,23.13725471,,,,,,,,
2132.75,32,76.86274719,26.27450943,,,,,,,,
2007,32,82.74510193,16.47058868,,,,,,,,
2325.75,32,87.84313965,26.27450943,,,,,,,,
2086.5,32,95.29412079,34.50980377,,,,,,,,
2135,32,95.29412079,34.90196228,,,,,,,,
2203,31,94.50980377,37.25490189,,,,,,,,
2303,31,90.58823395,15.29411793,,,,,,,,
2048.25,31,18.8235302,15.29411793,,,,,,,,
1937.5,31,18.03921509,15.29411793,,,,,,,,
1897.5,31,18.03921509,15.29411793,,,,,,,,
2285,31,44.70588303,24.31372643,,,,,,,,
2171.75,31,90.19608307,29.01960754,,,,,,,,
2215.5,31,77.64705658,15.29411793,,,,,,,,
2473.25,31,81.96078491,27.05882454,,,,,,,,
2253,31,82.35294342,27.05882454,,,,,,,,
2278.75,31,56.47058868,26.27450943,,,,,,,,
2533.5,31,81.17647552,27.05882454,,,,,,,,
2377.25,31,28.62745094,28.23529434,,,,,,,,
2559.25,31,79.21569061,27.05882454,,,,,,,,
2324,31,84.31372833,28.23529434,,,,,,,,
2370.25,31,78.8235321,16.07843208,,,,,,,,
2228.75,31,38.82352829,25.49019623,,,,,,,,
2461.5,31,77.2549057,16.07843208,,,,,,,,
2307,31,45.09804153,21.56862831,,,,,,,,
2297.5,31,66.66666412,23.52941132,,,,,,,,
2105.25,31,21.96078491,16.07843208,,,,,,,,
2165.5,31,44.31372452,15.68627453,,,,,,,,
2343.75,31,54.11764908,24.31372643,,,,,,,,
1997.5,31,33.72549057,15.29411793,,,,,,,,
2417,31,92.54901886,29.80392265,,,,,,,,
2276.5,31,80,31.37254906,,,,,,,,
2507.75,31,69.01960754,25.09803963,,,,,,,,
2578.75,31,95.6862793,36.47058868,,,,,,,,
2740.5,31,96.07843018,38.82352829,,,,,,,,
2397.5,31,34.11764908,16.07843208,,,,,,,,
2058.5,31,18.03921509,15.29411793,,,,,,,,
1998.25,31,17.64705849,15.29411793,,,,,,,,
2423.25,31,19.2156868,24.31372643,,,,,,,,
2219.5,31,67.45098114,30.58823586,,,,,,,,
2550.75,31,21.56862831,27.05882454,,,,,,,,
2205.25,31,77.64705658,16.07843208,,,,,,,,
2388.25,31,48.62745285,29.41176605,,,,,,,,
1795.25,31,23.92156982,16.47058868,,,,,,,,
1875,31,49.41176605,16.07843208,,,,,,,,
2324,31,81.5686264,30.98039246,,,,,,,,
1800,31,24.31372643,16.47058868,,,,,,,,
1612.5,31,23.52941132,16.07843208,,,,,,,,
1521.75,31,21.56862831,15.29411793,,,,,,,,
1575,31,19.2156868,15.29411793,,,,,,,,
1337.5,31,21.17647171,15.29411793,,,,,,,,
1228,31,24.31372643,15.29411793,,,,,,,,
1068.75,31,26.66666794,15.29411793,,,,,,,,
938.25,31,28.62745094,15.29411793,,,,,,,,
690.5,31,34.11764908,15.29411793,,,,,,,,
639.75,31,38.03921509,15.29411793,,,,,,,,
864.75,31,34.50980377,15.29411793,,,,,,,,
743.75,31,32.94117737,15.29411793,,,,,,,,
1408.5,31,65.49019623,20,,,,,,,,
2131.25,31,81.96078491,26.66666794,,,,,,,,
2439,31,56.07843399,25.09803963,,,,,,,,
1753,31,19.6078434,16.86274529,,,,,,,,
1138.25,31,34.11764908,17.25490189,,,,,,,,
1550,31,68.23529816,21.17647171,,,,,,,,
2110,31,88.62744904,29.80392265,,,,,,,,
2332,31,94.11764526,36.07843018,,,,,,,,
2500,31,94.50980377,38.03921509,,,,,,,,
2678,31,96.07843018,38.4313736,,,,,,,,
2915.5,31,95.6862793,40,,,,,,,,
3240.5,31,94.90196228,40.39215851,,,,,,,,
3497.5,31,92.15686798,39.60784531,,,,,,,,
3716.25,31,70.98039246,36.47058868,,,,,,,,
2192.75,31,89.80392456,30.58823586,,,,,,,,
2367,31,87.05882263,30.19607925,,,,,,,,
2377.25,31,86.27451324,26.27450943,,,,,,,,
1757,31,25.09803963,14.90196133,,,,,,,,
1974,31,63.92156982,22.35294151,,,,,,,,
1765.5,31,64.70588684,22.35294151,,,,,,,,
1859.25,31,44.31372452,15.68627453,,,,,,,,
1382.75,31,21.56862831,15.29411793,,,,,,,,
1241.25,31,21.96078491,15.29411793,,,,,,,,
1371.75,31,23.52941132,15.29411793,,,,,,,,
1337.5,31,23.13725471,15.29411793,,,,,,,,
1369.5,31,27.05882454,16.47058868,,,,,,,,
1324,31,29.01960754,16.47058868,,,,,,,,
1933.5,31,80,25.88235283,,,,,,,,
2152.25,31,88.23529816,29.41176605,,,,,,,,
2262.5,31,89.80392456,30.98039246,,,,,,,,
1695.25,31,39.2156868,16.07843208,,,,,,,,
1449,31,31.76470566,16.47058868,,,,,,,,
1466.25,31,27.45098114,15.29411793,,,,,,,,
1431.25,31,27.45098114,20.3921566,,,,,,,,
1507.75,31,57.64706039,21.17647171,,,,,,,,
1617.75,31,31.76470566,15.29411793,,,,,,,,
2290.5,31,88.23529816,30.19607925,,,,,,,,
1560.75,31,47.45098114,15.29411793,,,,,,,,
2201.5,31,83.92156982,27.84313774,,,,,,,,
1647.5,31,35.68627548,23.52941132,,,,,,,,
1955.25,31,70.58823395,15.29411793,,,,,,,,
1831.25,31,68.62744904,23.92156982,,,,,,,,
2001.5,31,73.33333588,23.13725471,,,,,,,,
1657.75,31,31.76470566,20.7843132,,,,,,,,
1496.75,31,24.70588303,16.47058868,,,,,,,,
1302.25,31,25.49019623,20.7843132,,,,,,,,
1501.5,31,32.94117737,16.47058868,,,,,,,,
1408.5,31,30.98039246,16.47058868,,,,,,,,
1315.5,31,29.41176605,16.47058868,,,,,,,,
1228,31,30.58823586,16.47058868,,,,,,,,
1195.25,31,31.37254906,16.47058868,,,,,,,,
1172.5,31,31.76470566,16.47058868,,,,,,,,
1138.25,31,32.54901886,20.3921566,,,,,,,,
2034.25,31,93.33333588,34.50980377,,,,,,,,
2475,31,91.37255096,34.11764908,,,,,,,,
2496,31,85.49019623,16.07843208,,,,,,,,
1711.5,31,64.70588684,22.35294151,,,,,,,,
1884.25,31,67.84313965,22.74509811,,,,,,,,
1709.25,31,61.17647171,21.96078491,,,,,,,,
1982.75,31,74.90196228,23.92156982,,,,,,,,
2017.75,31,77.64705658,24.31372643,,,,,,,,
1433.5,31,24.70588303,15.68627453,,,,,,,,
1492,31,34.11764908,18.4313736,,,,,,,,
1736.5,31,57.64706039,21.17647171,,,,,,,,
1864,31,68.62744904,23.52941132,,,,,,,,
2017,31,76.47058868,24.31372643,,,,,,,,
2195.25,31,87.45098114,29.41176605,,,,,,,,
2228,31,87.84313965,29.41176605,,,,,,,,
1676.5,31,41.96078491,16.07843208,,,,,,,,
1715.5,31,45.49019623,16.07843208,,,,,,,,
1775,31,40.39215851,16.07843208,,,,,,,,
1129.5,31,35.29411697,17.25490189,,,,,,,,
1567,31,26.27450943,16.47058868,,,,,,,,
1806.25,31,52.54901886,20.3921566,,,,,,,,
1663.25,31,75.29412079,23.13725471,,,,,,,,
1691.25,31,78.03921509,23.92156982,,,,,,,,
1716.25,31,79.60784149,24.31372643,,,,,,,,
1749,31,76.47058868,23.92156982,,,,,,,,
1771,31,77.64705658,24.31372643,,,,,,,,
1789.75,31,77.2549057,24.31372643,,,,,,,,
1808.5,31,77.64705658,22.74509811,,,,,,,,
1898.25,31,31.76470566,20.3921566,,,,,,,,
2009.25,31,60,22.35294151,,,,,,,,
1817,31,66.27451324,15.29411793,,,,,,,,
2084.25,31,78.8235321,25.88235283,,,,,,,,
2307,31,79.21569061,26.27450943,,,,,,,,
1835.75,31,25.49019623,14.90196133,,,,,,,,
1160,31,29.80392265,23.52941132,,,,,,,,
2143.75,31,84.70588684,26.66666794,,,,,,,,
1786.5,31,32.94117737,16.47058868,,,,,,,,
1450,31,36.86274719,17.25490189,,,,,,,,
1785,31,51.37255096,20.3921566,,,,,,,,
1725,31,82.74510193,24.70588303,,,,,,,,
1754.5,31,91.37255096,28.62745094,,,,,,,,
1791.25,31,88.62744904,27.84313774,,,,,,,,
1807,31,90.98039246,29.41176605,,,,,,,,
1859.25,31,90.98039246,29.41176605,,,,,,,,
1901.5,31,35.29411697,16.07843208,,,,,,,,
2000.75,31,76.07843018,23.52941132,,,,,,,,
1880.25,31,45.49019623,19.2156868,,,,,,,,
1818.75,31,23.92156982,15.29411793,,,,,,,,
1500,31,20.7843132,14.90196133,,,,,,,,
1440.5,31,20.7843132,15.29411793,,,,,,,,
1703,31,21.56862831,15.29411793,,,,,,,,
1342.75,31,21.96078491,15.29411793,,,,,,,,
1236.5,31,22.35294151,15.29411793,,,,,,,,
1428.75,31,22.74509811,15.29411793,,,,,,,,
1503.75,31,25.49019623,16.47058868,,,,,,,,
1328.75,31,28.62745094,16.47058868,,,,,,,,
1285.75,31,29.41176605,16.47058868,,,,,,,,
1251.5,31,29.80392265,16.47058868,,,,,,,,
1124,31,32.15686417,16.47058868,,,,,,,,
1071,31,33.33333206,16.47058868,,,,,,,,
1010.75,31,35.29411697,16.47058868,,,,,,,,
964.75,31,38.03921509,16.47058868,,,,,,,,
969.5,31,32.54901886,15.29411793,,,,,,,,
810.75,31,31.76470566,15.29411793,,,,,,,,
720.25,31,34.50980377,15.29411793,,,,,,,,
700.75,31,36.07843018,15.29411793,,,,,,,,
689,31,36.86274719,15.29411793,,,,,,,,
693.75,31,37.25490189,15.29411793,,,,,,,,
949,31,30.98039246,15.29411793,,,,,,,,
637.5,31,36.07843018,15.29411793,,,,,,,,
639.75,31,38.03921509,15.29411793,,,,,,,,
652.25,31,38.03921509,15.29411793,,,,,,,,
658.5,31,38.03921509,15.29411793,,,,,,,,
660,31,37.64706039,15.29411793,,,,,,,,
700.75,31,40,16.47058868,,,,,,,,
751.5,31,49.41176605,16.47058868,,,,,,,,
774,31,47.05882263,16.47058868,,,,,,,,
782,31,47.05882263,16.47058868,,,,,,,,
1484.25,31,67.05882263,21.17647171,,,,,,,,
1925.75,31,81.5686264,25.88235283,,,,,,,,
2310,31,83.13725281,27.84313774,,,,,,,,
2812.5,32,81.5686264,28.62745094,,,,,,,,
2320.25,32,92.94117737,31.76470566,,,,,,,,
2511.5,32,95.29412079,38.82352829,,,,,,,,
2783.5,32,95.29412079,38.4313736,,,,,,,,
2996.75,33,94.90196228,38.4313736,,,,,,,,
3207.75,33,94.11764526,38.4313736,,,,,,,,
3362.5,32,92.15686798,38.4313736,,,,,,,,
3306.25,32,90.98039246,30.98039246,,,,,,,,
2571.75,32,88.62744904,27.45098114,,,,,,,,
1549,32,20,15.29411793,,,,,,,,
1369.5,32,23.13725471,15.29411793,,,,,,,,
1731.25,32,33.33333206,21.17647171,,,,,,,,
1740.5,32,91.37255096,28.62745094,,,,,,,,
2389.75,32,94.90196228,35.29411697,,,,,,,,
2420.25,32,93.72549438,36.86274719,,,,,,,,
2452.25,32,93.33333588,37.25490189,,,,,,,,
2484.25,31,94.50980377,38.03921509,,,,,,,,
2426.5,31,94.11764526,36.47058868,,,,,,,,
2010,31,41.5686264,25.49019623,,,,,,,,
1960,31,80.39215851,25.09803963,,,,,,,,
1871,31,84.31372833,27.45098114,,,,,,,,
1895.25,31,29.41176605,16.47058868,,,,,,,,
1197.5,31,29.01960754,16.07843208,,,,,,,,
1617.75,31,21.17647171,15.29411793,,,,,,,,
1520.25,31,21.17647171,15.29411793,,,,,,,,
1527.25,31,26.27450943,15.29411793,,,,,,,,
2455.25,31,92.54901886,34.50980377,,,,,,,,
2175.75,31,47.45098114,21.17647171,,,,,,,,
1518.75,31,21.56862831,15.29411793,,,,,,,,
1866.25,31,47.45098114,19.6078434,,,,,,,,
1875.75,31,50.19607925,20.3921566,,,,,,,,
1939.75,31,26.66666794,15.29411793,,,,,,,,
1554.5,31,20.7843132,15.29411793,,,,,,,,
1530.25,31,19.6078434,15.29411793,,,,,,,,
1482,31,20,15.29411793,,,,,,,,
1421.75,31,20.3921566,15.29411793,,,,,,,,
1417,31,21.56862831,14.90196133,,,,,,,,
1547.5,31,25.49019623,18.03921509,,,,,,,,
1782.75,32,33.33333206,18.03921509,,,,,,,,
1792.75,32,33.33333206,18.03921509,,,,,,,,
1792,32,34.11764908,18.4313736,,,,,,,,
1798.25,32,38.03921509,18.4313736,,,,,,,,
1798.25,32,35.68627548,16.47058868,,,,,,,,
1407,32,27.05882454,16.07843208,,,,,,,,
1526.5,32,27.45098114,15.29411793,,,,,,,,
1587.5,32,20.3921566,15.29411793,,,,,,,,
1554.5,32,20.7843132,15.29411793,,,,,,,,
1538.25,32,20.7843132,15.29411793,,,,,,,,
1504.5,32,21.17647171,15.29411793,,,,,,,,
1425.75,32,21.56862831,15.29411793,,,,,,,,
1301.5,32,23.13725471,15.29411793,,,,,,,,
1178.75,32,24.70588303,15.29411793,,,,,,,,
1038.25,32,25.88235283,15.29411793,,,,,,,,
963.25,32,28.23529434,15.29411793,,,,,,,,
749,32,31.76470566,15.29411793,,,,,,,,
721,32,34.50980377,15.29411793,,,,,,,,
639,32,37.25490189,15.29411793,,,,,,,,
743.75,32,41.96078491,16.47058868,,,,,,,,
714.75,32,50.98039246,16.47058868,,,,,,,,
746,32,50.19607925,16.47058868,,,,,,,,
789.75,32,50.19607925,17.25490189,,,,,,,,
1763.25,32,75.29412079,25.09803963,,,,,,,,
2021.75,32,76.47058868,25.09803963,,,,,,,,
2307,32,72.54901886,25.88235283,,,,,,,,
2139.75,32,84.70588684,29.80392265,,,,,,,,
2365.5,32,93.72549438,36.47058868,,,,,,,,
2457,32,92.15686798,36.47058868,,,,,,,,
2697.5,32,92.54901886,34.90196228,,,,,,,,
2687.5,32,43.13725662,25.09803963,,,,,,,,
1629.5,32,19.6078434,15.29411793,,,,,,,,
1048.25,32,27.45098114,15.29411793,,,,,,,,
982.75,32,28.62745094,15.29411793,,,,,,,,
798.25,32,31.76470566,15.29411793,,,,,,,,
678.75,32,35.68627548,15.29411793,,,,,,,,
1121,33,65.09803772,20.3921566,,,,,,,,
1940.5,33,83.52941132,26.66666794,,,,,,,,
2082.75,32,87.05882263,28.62745094,,,,,,,,
2108.5,32,85.09803772,27.84313774,,,,,,,,
2075.75,32,73.33333588,25.49019623,,,,,,,,
1264,32,25.09803963,15.68627453,,,,,,,,
875.75,32,40.39215851,16.47058868,,,,,,,,
760.75,32,45.88235474,16.47058868,,,,,,,,
785,32,51.76470566,17.25490189,,,,,,,,
1487.5,32,66.66666412,21.56862831,,,,,,,,
1974,32,91.37255096,32.15686417,,,,,,,,
2065.5,32,94.50980377,34.50980377,,,,,,,,
2178.75,32,95.29412079,36.86274719,,,,,,,,
2215.5,32,95.6862793,37.64706039,,,,,,,,
2380.25,32,94.90196228,37.64706039,,,,,,,,
2403,31,92.94117737,34.50980377,,,,,,,,
2431.25,31,82.35294342,14.90196133,,,,,,,,
1425.75,31,23.52941132,15.29411793,,,,,,,,
1156.25,31,26.66666794,15.29411793,,,,,,,,
1101.5,31,27.05882454,18.03921509,,,,,,,,
1785,31,70.58823395,23.52941132,,,,,,,,
1846.75,31,72.15686035,23.13725471,,,,,,,,
1897.5,31,76.07843018,23.92156982,,,,,,,,
1709.25,31,47.84313965,15.29411793,,,,,,,,
1111.5,31,26.27450943,15.29411793,,,,,,,,
1119.5,31,27.05882454,15.29411793,,,,,,,,
1006.25,31,27.05882454,15.29411793,,,,,,,,
942.75,32,29.01960754,15.29411793,,,,,,,,
717.75,32,37.25490189,16.47058868,,,,,,,,
726.5,32,47.84313965,16.47058868,,,,,,,,
1078.75,32,48.62745285,18.03921509,,,,,,,,
1440.5,32,73.33333588,22.35294151,,,,,,,,
2027.25,32,70.19608307,29.01960754,,,,,,,,
2275,32,92.15686798,33.72549057,,,,,,,,
2420.25,32,92.94117737,35.68627548,,,,,,,,
2501.5,32,90.19608307,33.33333206,,,,,,,,
2131.25,32,30.98039246,16.07843208,,,,,,,,
937.5,32,20.7843132,15.29411793,,,,,,,,
899,32,31.37254906,15.29411793,,,,,,,,
771,32,32.94117737,15.29411793,,,,,,,,
629.5,32,37.64706039,15.29411793,,,,,,,,
740.5,32,37.64706039,15.29411793,,,,,,,,
636.5,32,36.86274719,15.29411793,,,,,,,,
704.5,32,36.86274719,15.29411793,,,,,,,,
1200.75,32,55.29411697,19.2156868,,,,,,,,
1798.25,32,69.01960754,23.13725471,,,,,,,,
2110,32,76.07843018,24.70588303,,,,,,,,
2717,32,69.80392456,28.23529434,,,,,,,,
2359.25,32,85.49019623,28.62745094,,,,,,,,
2482.75,33,90.58823395,32.94117737,,,,,,,,
2609.25,33,91.76470947,34.50980377,,,,,,,,
2150.75,32,24.70588303,16.47058868,,,,,,,,
1438.25,32,29.41176605,18.03921509,,,,,,,,
1013.25,32,40.39215851,16.47058868,,,,,,,,
990.5,32,40.7843132,16.47058868,,,,,,,,
973.25,32,40.39215851,16.47058868,,,,,,,,
957,32,40.7843132,16.47058868,,,,,,,,
908.5,33,41.96078491,16.47058868,,,,,,,,
851.5,33,43.92156982,16.47058868,,,,,,,,
776.5,33,34.90196228,15.29411793,,,,,,,,
624,33,37.25490189,15.29411793,,,,,,,,
782,33,36.07843018,15.29411793,,,,,,,,
1045.25,33,58.03921509,20.7843132,,,,,,,,
1591.25,33,53.33333588,20,,,,,,,,
1774,33,60,23.92156982,,,,,,,,
2209.25,33,77.64705658,24.70588303,,,,,,,,
2683.5,33,78.8235321,27.84313774,,,,,,,,
2271,32,82.35294342,27.84313774,,,,,,,,
2441.25,32,83.92156982,28.62745094,,,,,,,,
2452.25,32,76.07843018,26.27450943,,,,,,,,
2215.5,32,75.29412079,16.07843208,,,,,,,,
1384.25,32,70.58823395,22.35294151,,,,,,,,
1678.75,32,70.58823395,22.74509811,,,,,,,,
1689,32,72.94117737,22.74509811,,,,,,,,
1603.75,32,60.7843132,21.17647171,,,,,,,,
1801.5,32,79.21569061,25.09803963,,,,,,,,
1196.75,32,39.2156868,16.07843208,,,,,,,,
1006.25,32,34.90196228,15.29411793,,,,,,,,
1724,32,80.39215851,25.49019623,,,,,,,,
2152.25,32,81.17647552,26.66666794,,,,,,,,
2141.25,32,80.78431702,25.88235283,,,,,,,,
2058.5,32,51.37255096,21.96078491,,,,,,,,
1925,32,52.54901886,24.70588303,,,,,,,,
2036.5,32,84.31372833,27.05882454,,,,,,,,
1330.25,32,34.11764908,14.90196133,,,,,,,,
1966.25,32,79.21569061,25.49019623,,,,,,,,
1967,31,77.64705658,25.09803963,,,,,,,,
1441.25,31,74.50980377,15.29411793,,,,,,,,
1292.75,31,40.7843132,20,,,,,,,,
1396,31,35.29411697,15.29411793,,,,,,,,
1119.5,31,29.01960754,22.35294151,,,,,,,,
1335.75,31,38.4313736,16.07843208,,,,,,,,
1075.75,32,33.33333206,16.07843208,,,,,,,,
1053,32,33.33333206,16.07843208,,,,,,,,
1046,32,33.72549057,16.07843208,,,,,,,,
1167.75,32,44.70588303,18.4313736,,,,,,,,
1315.5,32,51.76470566,18.8235302,,,,,,,,
1506.25,32,55.29411697,20.3921566,,,,,,,,
1500,32,53.33333588,20.3921566,,,,,,,,
1075.75,32,27.45098114,15.29411793,,,,,,,,
990.5,32,27.05882454,15.29411793,,,,,,,,
982,32,27.05882454,15.29411793,,,,,,,,
929.5,32,27.84313774,15.29411793,,,,,,,,
903.75,32,28.62745094,22.35294151,,,,,,,,
2079.5,32,82.74510193,26.66666794,,,,,,,,
2189,32,85.88235474,27.84313774,,,,,,,,
2189.75,32,67.05882263,27.45098114,,,,,,,,
1176.5,32,25.88235283,15.29411793,,,,,,,,
1025,32,28.62745094,15.29411793,,,,,,,,
941.25,32,29.41176605,15.29411793,,,,,,,,
797.5,32,31.76470566,15.29411793,,,,,,,,
685.75,32,39.60784531,16.47058868,,,,,,,,
716.25,32,49.41176605,16.47058868,,,,,,,,
910.75,32,45.09804153,16.47058868,,,,,,,,
708.5,32,45.49019623,16.47058868,,,,,,,,
728.75,32,49.80392075,16.47058868,,,,,,,,
799,32,47.45098114,16.47058868,,,,,,,,
1303.75,32,56.86274719,18.8235302,,,,,,,,
1317,32,48.23529434,18.8235302,,,,,,,,
1837.5,32,72.15686035,24.31372643,,,,,,,,
2203,32,81.5686264,30.98039246,,,,,,,,
2864,32,87.05882263,30.98039246,,,,,,,,
2680.25,32,78.03921509,26.66666794,,,,,,,,
2050,32,47.84313965,15.29411793,,,,,,,,
1355.25,32,22.74509811,15.68627453,,,,,,,,
877.25,32,30.19607925,15.29411793,,,,,,,,
739,32,31.76470566,15.29411793,,,,,,,,
664.75,32,36.07843018,15.29411793,,,,,,,,
725,32,37.25490189,15.29411793,,,,,,,,
614,32,37.25490189,15.29411793,,,,,,,,
653,32,38.4313736,15.29411793,,,,,,,,
678.75,32,38.4313736,15.29411793,,,,,,,,
1588.25,33,68.62744904,22.74509811,,,,,,,,
1931.25,33,77.2549057,24.70588303,,,,,,,,
2271,33,73.72549438,26.66666794,,,,,,,,
2767,32,85.88235474,27.45098114,,,,,,,,
2264,32,80.78431702,28.23529434,,,,,,,,
2432.75,32,78.03921509,29.01960754,,,,,,,,
1691.25,32,26.27450943,16.47058868,,,,,,,,
991.25,32,41.17647171,16.47058868,,,,,,,,
921.75,32,41.96078491,15.68627453,,,,,,,,
826.5,32,35.29411697,15.29411793,,,,,,,,
696.75,32,36.86274719,15.29411793,,,,,,,,
724,32,38.4313736,16.07843208,,,,,,,,
875.75,32,46.66666794,22.35294151,,,,,,,,
1882.75,32,76.47058868,25.49019623,,,,,,,,
1996,32,81.17647552,25.88235283,,,,,,,,
2052.25,32,81.17647552,25.88235283,,,,,,,,
2070.25,32,78.4313736,25.49019623,,,,,,,,
1328,32,24.31372643,15.29411793,,,,,,,,
990.5,32,29.01960754,15.29411793,,,,,,,,
924,32,29.80392265,15.29411793,,,,,,,,
773.25,32,32.54901886,15.29411793,,,,,,,,
621.75,32,36.47058868,15.29411793,,,,,,,,
756.25,32,50.58823776,16.86274529,,,,,,,,
921,32,42.35294342,16.47058868,,,,,,,,
761.5,32,46.66666794,16.47058868,,,,,,,,
925,32,48.23529434,16.86274529,,,,,,,,
1236.5,32,61.17647171,19.6078434,,,,,,,,
1285,32,54.11764908,19.2156868,,,,,,,,
1281.25,32,49.01960754,18.4313736,,,,,,,,
739.75,32,42.74509811,16.47058868,,,,,,,,
718.75,32,47.84313965,16.47058868,,,,,,,,
798.25,32,46.66666794,16.47058868,,,,,,,,
799,32,37.64706039,15.29411793,,,,,,,,
784.25,32,33.33333206,15.29411793,,,,,,,,
644.5,33,36.47058868,15.29411793,,,,,,,,
